Id,OrderDate,CustomerId,TotalAmount,OrderNumber
1,Jul  4 2012 12:00:00:000AM,85,440.00,542378
2,Jul  5 2012 12:00:00:000AM,79,1863.40,542379
3,Jul  8 2012 12:00:00:000AM,34,1813.00,542380
4,Jul  8 2012 12:00:00:000AM,84,670.80,542381
5,Jul  9 2012 12:00:00:000AM,76,3730.00,542382
6,Jul 10 2012 12:00:00:000AM,34,1444.80,542383
7,Jul 11 2012 12:00:00:000AM,14,625.20,542384
8,Jul 12 2012 12:00:00:000AM,68,2490.50,542385
9,Jul 15 2012 12:00:00:000AM,88,517.80,542386
10,Jul 16 2012 12:00:00:000AM,35,1119.90,542387
11,Jul 17 2012 12:00:00:000AM,20,2018.60,542388
12,Jul 18 2012 12:00:00:000AM,13,100.80,542389
13,Jul 19 2012 12:00:00:000AM,56,1746.20,542390
14,Jul 19 2012 12:00:00:000AM,61,448.00,542391
15,Jul 22 2012 12:00:00:000AM,65,624.80,542392
16,Jul 23 2012 12:00:00:000AM,20,2464.80,542393
17,Jul 24 2012 12:00:00:000AM,24,724.50,542394
18,Jul 25 2012 12:00:00:000AM,7,1176.00,542395
19,Jul 26 2012 12:00:00:000AM,87,364.80,542396
20,Jul 29 2012 12:00:00:000AM,25,4031.00,542397
21,Jul 30 2012 12:00:00:000AM,33,1101.20,542398
22,Jul 31 2012 12:00:00:000AM,89,676.00,542399
23,Aug  1 2012 12:00:00:000AM,87,1376.00,542400
24,Aug  1 2012 12:00:00:000AM,75,48.00,542401
25,Aug  2 2012 12:00:00:000AM,65,1456.00,542402
26,Aug  5 2012 12:00:00:000AM,63,2142.40,542403
27,Aug  6 2012 12:00:00:000AM,85,538.60,542404
28,Aug  7 2012 12:00:00:000AM,49,307.20,542405
29,Aug  8 2012 12:00:00:000AM,80,420.00,542406
30,Aug  9 2012 12:00:00:000AM,52,1200.80,542407
31,Aug 12 2012 12:00:00:000AM,5,1488.80,542408
32,Aug 13 2012 12:00:00:000AM,44,468.00,542409
33,Aug 14 2012 12:00:00:000AM,5,613.20,542410
34,Aug 14 2012 12:00:00:000AM,69,86.50,542411
35,Aug 15 2012 12:00:00:000AM,69,155.40,542412
36,Aug 16 2012 12:00:00:000AM,46,1414.80,542413
37,Aug 19 2012 12:00:00:000AM,44,1452.00,542414
38,Aug 20 2012 12:00:00:000AM,63,2179.20,542415
39,Aug 21 2012 12:00:00:000AM,63,3016.00,542416
40,Aug 22 2012 12:00:00:000AM,67,924.00,542417
41,Aug 23 2012 12:00:00:000AM,66,89.00,542418
42,Aug 26 2012 12:00:00:000AM,11,479.40,542419
43,Aug 27 2012 12:00:00:000AM,15,2169.00,542420
44,Aug 27 2012 12:00:00:000AM,61,552.80,542421
45,Aug 28 2012 12:00:00:000AM,81,1296.00,542422
46,Aug 29 2012 12:00:00:000AM,80,848.70,542423
47,Aug 30 2012 12:00:00:000AM,65,1887.60,542424
48,Sep  2 2012 12:00:00:000AM,85,121.60,542425
49,Sep  3 2012 12:00:00:000AM,46,1050.60,542426
50,Sep  4 2012 12:00:00:000AM,7,1420.00,542427
51,Sep  5 2012 12:00:00:000AM,37,3127.00,542428
52,Sep  6 2012 12:00:00:000AM,67,349.50,542429
53,Sep  9 2012 12:00:00:000AM,49,608.00,542430
54,Sep  9 2012 12:00:00:000AM,86,755.00,542431
55,Sep 10 2012 12:00:00:000AM,76,2708.80,542432
56,Sep 11 2012 12:00:00:000AM,30,1242.00,542433
57,Sep 12 2012 12:00:00:000AM,80,954.40,542434
58,Sep 13 2012 12:00:00:000AM,55,4157.00,542435
59,Sep 16 2012 12:00:00:000AM,69,498.50,542436
60,Sep 17 2012 12:00:00:000AM,48,424.00,542437
61,Sep 18 2012 12:00:00:000AM,2,88.80,542438
62,Sep 19 2012 12:00:00:000AM,37,1762.00,542439
63,Sep 20 2012 12:00:00:000AM,77,336.00,542440
64,Sep 20 2012 12:00:00:000AM,18,268.80,542441
65,Sep 23 2012 12:00:00:000AM,86,1614.80,542442
66,Sep 24 2012 12:00:00:000AM,63,182.40,542443
67,Sep 25 2012 12:00:00:000AM,65,2327.00,542444
68,Sep 26 2012 12:00:00:000AM,38,516.80,542445
69,Sep 27 2012 12:00:00:000AM,65,2835.00,542446
70,Sep 30 2012 12:00:00:000AM,48,288.00,542447
71,Oct  1 2012 12:00:00:000AM,38,240.40,542448
72,Oct  2 2012 12:00:00:000AM,80,1191.20,542449
73,Oct  3 2012 12:00:00:000AM,87,516.00,542450
74,Oct  3 2012 12:00:00:000AM,38,144.00,542451
75,Oct  4 2012 12:00:00:000AM,58,112.00,542452
76,Oct  7 2012 12:00:00:000AM,39,164.40,542453
77,Oct  8 2012 12:00:00:000AM,71,6155.90,542454
78,Oct  9 2012 12:00:00:000AM,39,1497.00,542455
79,Oct 10 2012 12:00:00:000AM,8,982.00,542456
80,Oct 11 2012 12:00:00:000AM,24,2262.50,542457
81,Oct 14 2012 12:00:00:000AM,28,1168.00,542458
82,Oct 15 2012 12:00:00:000AM,75,4819.40,542459
83,Oct 16 2012 12:00:00:000AM,46,1940.00,542460
84,Oct 16 2012 12:00:00:000AM,9,88.50,542461
85,Oct 17 2012 12:00:00:000AM,51,2233.60,542462
86,Oct 18 2012 12:00:00:000AM,87,954.00,542463
87,Oct 21 2012 12:00:00:000AM,84,144.80,542464
88,Oct 22 2012 12:00:00:000AM,37,2545.20,542465
89,Oct 23 2012 12:00:00:000AM,60,316.80,542466
90,Oct 24 2012 12:00:00:000AM,25,2467.00,542467
91,Oct 25 2012 12:00:00:000AM,55,934.50,542468
92,Oct 28 2012 12:00:00:000AM,51,3463.20,542469
93,Oct 29 2012 12:00:00:000AM,9,2564.40,542470
94,Oct 29 2012 12:00:00:000AM,73,412.00,542471
95,Oct 30 2012 12:00:00:000AM,25,2300.80,542472
96,Oct 31 2012 12:00:00:000AM,44,1586.00,542473
97,Nov  1 2012 12:00:00:000AM,89,2856.00,542474
98,Nov  4 2012 12:00:00:000AM,63,2924.80,542475
99,Nov  5 2012 12:00:00:000AM,65,1731.20,542476
100,Nov  6 2012 12:00:00:000AM,21,928.00,542477
101,Nov  7 2012 12:00:00:000AM,86,396.00,542478
102,Nov  8 2012 12:00:00:000AM,75,141.60,542479
103,Nov 11 2012 12:00:00:000AM,41,713.40,542480
104,Nov 11 2012 12:00:00:000AM,20,5677.60,542481
105,Nov 12 2012 12:00:00:000AM,28,154.00,542482
106,Nov 13 2012 12:00:00:000AM,59,10741.60,542483
107,Nov 14 2012 12:00:00:000AM,58,568.80,542484
108,Nov 15 2012 12:00:00:000AM,4,480.00,542485
109,Nov 18 2012 12:00:00:000AM,86,1106.40,542486
110,Nov 19 2012 12:00:00:000AM,46,1360.00,542487
111,Nov 20 2012 12:00:00:000AM,41,452.00,542488
112,Nov 21 2012 12:00:00:000AM,72,3654.40,542489
113,Nov 22 2012 12:00:00:000AM,7,7390.20,542490
114,Nov 22 2012 12:00:00:000AM,63,2273.60,542491
115,Nov 25 2012 12:00:00:000AM,9,1549.60,542492
116,Nov 26 2012 12:00:00:000AM,17,447.20,542493
117,Nov 26 2012 12:00:00:000AM,19,950.00,542494
118,Nov 27 2012 12:00:00:000AM,3,403.20,542495
119,Nov 28 2012 12:00:00:000AM,29,136.00,542496
120,Nov 28 2012 12:00:00:000AM,83,834.20,542497
121,Nov 29 2012 12:00:00:000AM,20,1834.20,542498
122,Dec  2 2012 12:00:00:000AM,75,2527.20,542499
123,Dec  3 2012 12:00:00:000AM,14,1174.00,542500
124,Dec  3 2012 12:00:00:000AM,41,91.20,542501
125,Dec  4 2012 12:00:00:000AM,62,12281.20,542502
126,Dec  5 2012 12:00:00:000AM,37,1708.00,542503
127,Dec  5 2012 12:00:00:000AM,91,459.00,542504
128,Dec  6 2012 12:00:00:000AM,36,338.00,542505
129,Dec  9 2012 12:00:00:000AM,51,420.00,542506
130,Dec  9 2012 12:00:00:000AM,72,1016.00,542507
131,Dec 10 2012 12:00:00:000AM,24,103.20,542508
132,Dec 11 2012 12:00:00:000AM,61,959.20,542509
133,Dec 12 2012 12:00:00:000AM,37,1419.80,542510
134,Dec 12 2012 12:00:00:000AM,46,112.00,542511
135,Dec 13 2012 12:00:00:000AM,20,2900.00,542512
136,Dec 16 2012 12:00:00:000AM,4,899.00,542513
137,Dec 16 2012 12:00:00:000AM,5,2222.40,542514
138,Dec 17 2012 12:00:00:000AM,75,864.00,542515
139,Dec 18 2012 12:00:00:000AM,21,166.00,542516
140,Dec 18 2012 12:00:00:000AM,70,1058.40,542517
141,Dec 19 2012 12:00:00:000AM,72,1274.00,542518
142,Dec 20 2012 12:00:00:000AM,10,1832.80,542519
143,Dec 23 2012 12:00:00:000AM,20,2275.20,542520
144,Dec 23 2012 12:00:00:000AM,17,86.40,542521
145,Dec 24 2012 12:00:00:000AM,59,1440.00,542522
146,Dec 25 2012 12:00:00:000AM,71,3302.60,542523
147,Dec 25 2012 12:00:00:000AM,36,442.00,542524
148,Dec 26 2012 12:00:00:000AM,35,2333.20,542525
149,Dec 27 2012 12:00:00:000AM,25,1903.80,542526
150,Dec 27 2012 12:00:00:000AM,60,843.20,542527
151,Dec 30 2012 12:00:00:000AM,71,2736.00,542528
152,Dec 31 2012 12:00:00:000AM,83,1765.60,542529
153,Jan  1 2013 12:00:00:000AM,19,3063.00,542530
154,Jan  1 2013 12:00:00:000AM,65,3868.60,542531
155,Jan  2 2013 12:00:00:000AM,20,2713.50,542532
156,Jan  3 2013 12:00:00:000AM,20,1005.90,542533
157,Jan  3 2013 12:00:00:000AM,49,1675.00,542534
158,Jan  6 2013 12:00:00:000AM,47,400.00,542535
159,Jan  7 2013 12:00:00:000AM,62,2018.20,542536
160,Jan  7 2013 12:00:00:000AM,56,1194.00,542537
161,Jan  8 2013 12:00:00:000AM,23,1622.40,542538
162,Jan  9 2013 12:00:00:000AM,54,319.20,542539
163,Jan 10 2013 12:00:00:000AM,10,802.00,542540
164,Jan 10 2013 12:00:00:000AM,10,1208.50,542541
165,Jan 13 2013 12:00:00:000AM,87,372.00,542542
166,Jan 14 2013 12:00:00:000AM,41,2123.20,542543
167,Jan 14 2013 12:00:00:000AM,21,231.40,542544
168,Jan 15 2013 12:00:00:000AM,36,102.40,542545
169,Jan 16 2013 12:00:00:000AM,87,720.00,542546
170,Jan 16 2013 12:00:00:000AM,73,11283.20,542547
171,Jan 17 2013 12:00:00:000AM,63,1814.80,542548
172,Jan 20 2013 12:00:00:000AM,68,2208.00,542549
173,Jan 21 2013 12:00:00:000AM,88,1897.60,542550
174,Jan 21 2013 12:00:00:000AM,61,1273.20,542551
175,Jan 22 2013 12:00:00:000AM,27,49.80,542552
176,Jan 23 2013 12:00:00:000AM,31,1020.00,542553
177,Jan 23 2013 12:00:00:000AM,51,11493.20,542554
178,Jan 24 2013 12:00:00:000AM,41,480.00,542555
179,Jan 27 2013 12:00:00:000AM,29,338.20,542556
180,Jan 27 2013 12:00:00:000AM,59,651.00,542557
181,Jan 28 2013 12:00:00:000AM,66,192.00,542558
182,Jan 29 2013 12:00:00:000AM,37,1748.50,542559
183,Jan 30 2013 12:00:00:000AM,20,5796.00,542560
184,Jan 30 2013 12:00:00:000AM,10,2523.00,542561
185,Jan 31 2013 12:00:00:000AM,75,485.00,542562
186,Feb  3 2013 12:00:00:000AM,60,851.20,542563
187,Feb  3 2013 12:00:00:000AM,24,360.00,542564
188,Feb  4 2013 12:00:00:000AM,16,631.60,542565
189,Feb  5 2013 12:00:00:000AM,7,2210.80,542566
190,Feb  5 2013 12:00:00:000AM,87,393.00,542567
191,Feb  6 2013 12:00:00:000AM,79,567.50,542568
192,Feb  7 2013 12:00:00:000AM,51,1078.00,542569
193,Feb 10 2013 12:00:00:000AM,71,5793.10,542570
194,Feb 10 2013 12:00:00:000AM,55,1755.00,542571
195,Feb 11 2013 12:00:00:000AM,20,1792.00,542572
196,Feb 12 2013 12:00:00:000AM,66,537.60,542573
197,Feb 12 2013 12:00:00:000AM,5,1031.70,542574
198,Feb 13 2013 12:00:00:000AM,5,174.90,542575
199,Feb 14 2013 12:00:00:000AM,79,273.60,542576
200,Feb 14 2013 12:00:00:000AM,67,914.40,542577
201,Feb 17 2013 12:00:00:000AM,64,443.40,542578
202,Feb 18 2013 12:00:00:000AM,7,1838.20,542579
203,Feb 19 2013 12:00:00:000AM,84,531.40,542580
204,Feb 19 2013 12:00:00:000AM,63,4277.40,542581
205,Feb 20 2013 12:00:00:000AM,71,2096.00,542582
206,Feb 21 2013 12:00:00:000AM,4,453.00,542583
207,Feb 21 2013 12:00:00:000AM,41,414.00,542584
208,Feb 24 2013 12:00:00:000AM,87,2684.00,542585
209,Feb 25 2013 12:00:00:000AM,39,656.00,542586
210,Feb 25 2013 12:00:00:000AM,39,1584.00,542587
211,Feb 26 2013 12:00:00:000AM,76,3891.00,542588
212,Feb 27 2013 12:00:00:000AM,84,1688.00,542589
213,Feb 28 2013 12:00:00:000AM,24,234.80,542590
214,Feb 28 2013 12:00:00:000AM,46,2051.60,542591
215,Mar  3 2013 12:00:00:000AM,16,156.00,542592
216,Mar  4 2013 12:00:00:000AM,76,713.30,542593
217,Mar  4 2013 12:00:00:000AM,28,1848.00,542594
218,Mar  5 2013 12:00:00:000AM,83,2719.00,542595
219,Mar  6 2013 12:00:00:000AM,15,216.00,542596
220,Mar  6 2013 12:00:00:000AM,49,235.20,542597
221,Mar  7 2013 12:00:00:000AM,39,717.60,542598
222,Mar 10 2013 12:00:00:000AM,89,1125.50,542599
223,Mar 11 2013 12:00:00:000AM,9,1820.80,542600
224,Mar 11 2013 12:00:00:000AM,11,1328.00,542601
225,Mar 12 2013 12:00:00:000AM,72,1051.20,542602
226,Mar 13 2013 12:00:00:000AM,38,230.40,542603
227,Mar 13 2013 12:00:00:000AM,58,1249.10,542604
228,Mar 14 2013 12:00:00:000AM,76,1770.80,542605
229,Mar 17 2013 12:00:00:000AM,35,182.40,542606
230,Mar 17 2013 12:00:00:000AM,60,672.00,542607
231,Mar 18 2013 12:00:00:000AM,84,496.00,542608
232,Mar 19 2013 12:00:00:000AM,65,10495.60,542609
233,Mar 20 2013 12:00:00:000AM,23,756.00,542610
234,Mar 20 2013 12:00:00:000AM,67,1472.00,542611
235,Mar 21 2013 12:00:00:000AM,43,147.00,542612
236,Mar 24 2013 12:00:00:000AM,89,704.00,542613
237,Mar 24 2013 12:00:00:000AM,11,386.20,542614
238,Mar 25 2013 12:00:00:000AM,47,1760.00,542615
239,Mar 26 2013 12:00:00:000AM,35,1272.00,542616
240,Mar 26 2013 12:00:00:000AM,62,925.10,542617
241,Mar 27 2013 12:00:00:000AM,25,1560.00,542618
242,Mar 28 2013 12:00:00:000AM,59,502.20,542619
243,Mar 31 2013 12:00:00:000AM,35,3163.20,542620
244,Mar 31 2013 12:00:00:000AM,28,305.30,542621
245,Apr  1 2013 12:00:00:000AM,10,896.00,542622
246,Apr  2 2013 12:00:00:000AM,41,676.00,542623
247,Apr  2 2013 12:00:00:000AM,15,912.00,542624
248,Apr  3 2013 12:00:00:000AM,42,278.00,542625
249,Apr  4 2013 12:00:00:000AM,81,200.00,542626
250,Apr  4 2013 12:00:00:000AM,44,1380.60,542627
251,Apr  7 2013 12:00:00:000AM,35,575.00,542628
252,Apr  8 2013 12:00:00:000AM,46,1412.00,542629
253,Apr  9 2013 12:00:00:000AM,41,550.80,542630
254,Apr  9 2013 12:00:00:000AM,6,149.00,542631
255,Apr 10 2013 12:00:00:000AM,58,816.30,542632
256,Apr 11 2013 12:00:00:000AM,37,2048.50,542633
257,Apr 11 2013 12:00:00:000AM,89,1388.50,542634
258,Apr 14 2013 12:00:00:000AM,51,147.90,542635
259,Apr 15 2013 12:00:00:000AM,39,462.00,542636
260,Apr 15 2013 12:00:00:000AM,3,881.25,542637
261,Apr 16 2013 12:00:00:000AM,56,240.00,542638
262,Apr 17 2013 12:00:00:000AM,6,136.80,542639
263,Apr 18 2013 12:00:00:000AM,71,4735.44,542640
264,Apr 18 2013 12:00:00:000AM,9,3000.00,542641
265,Apr 21 2013 12:00:00:000AM,21,618.00,542642
266,Apr 22 2013 12:00:00:000AM,86,2427.50,542643
267,Apr 22 2013 12:00:00:000AM,20,8623.45,542644
268,Apr 23 2013 12:00:00:000AM,63,10588.50,542645
269,Apr 24 2013 12:00:00:000AM,37,2614.50,542646
270,Apr 24 2013 12:00:00:000AM,53,352.00,542647
271,Apr 25 2013 12:00:00:000AM,80,4150.05,542648
272,Apr 28 2013 12:00:00:000AM,14,2356.00,542649
273,Apr 29 2013 12:00:00:000AM,70,200.00,542650
274,Apr 29 2013 12:00:00:000AM,12,225.50,542651
275,Apr 30 2013 12:00:00:000AM,44,2657.80,542652
276,May  1 2013 12:00:00:000AM,72,2715.90,542653
277,May  1 2013 12:00:00:000AM,5,3192.65,542654
278,May  2 2013 12:00:00:000AM,9,846.00,542655
279,May  5 2013 12:00:00:000AM,87,1344.00,542656
280,May  5 2013 12:00:00:000AM,63,1670.00,542657
281,May  6 2013 12:00:00:000AM,32,396.20,542658
282,May  7 2013 12:00:00:000AM,50,946.00,542659
283,May  8 2013 12:00:00:000AM,59,4180.00,542660
284,May  8 2013 12:00:00:000AM,54,110.00,542661
285,May  9 2013 12:00:00:000AM,19,796.35,542662
286,May 12 2013 12:00:00:000AM,24,2295.20,542663
287,May 12 2013 12:00:00:000AM,44,517.40,542664
288,May 13 2013 12:00:00:000AM,3,2156.50,542665
289,May 14 2013 12:00:00:000AM,44,2085.00,542666
290,May 14 2013 12:00:00:000AM,68,1823.80,542667
291,May 15 2013 12:00:00:000AM,11,139.80,542668
292,May 16 2013 12:00:00:000AM,11,355.50,542669
293,May 19 2013 12:00:00:000AM,63,10191.70,542670
294,May 19 2013 12:00:00:000AM,34,2162.80,542671
295,May 20 2013 12:00:00:000AM,39,493.80,542672
296,May 21 2013 12:00:00:000AM,46,1770.00,542673
297,May 21 2013 12:00:00:000AM,48,417.20,542674
298,May 22 2013 12:00:00:000AM,43,210.00,542675
299,May 23 2013 12:00:00:000AM,84,2812.00,542676
300,May 23 2013 12:00:00:000AM,72,1908.00,542677
301,May 26 2013 12:00:00:000AM,79,275.10,542678
302,May 27 2013 12:00:00:000AM,63,4181.50,542679
303,May 28 2013 12:00:00:000AM,30,749.00,542680
304,May 28 2013 12:00:00:000AM,28,1836.00,542681
305,May 29 2013 12:00:00:000AM,35,880.50,542682
306,May 30 2013 12:00:00:000AM,87,1546.30,542683
307,May 30 2013 12:00:00:000AM,56,1819.50,542684
308,Jun  2 2013 12:00:00:000AM,71,3680.50,542685
309,Jun  3 2013 12:00:00:000AM,73,835.20,542686
310,Jun  3 2013 12:00:00:000AM,44,1152.50,542687
311,Jun  4 2013 12:00:00:000AM,4,2142.90,542688
312,Jun  5 2013 12:00:00:000AM,7,547.80,542689
313,Jun  6 2013 12:00:00:000AM,25,1257.30,542690
314,Jun  6 2013 12:00:00:000AM,24,2844.50,542691
315,Jun  9 2013 12:00:00:000AM,66,543.00,542692
316,Jun 10 2013 12:00:00:000AM,67,965.00,542693
317,Jun 10 2013 12:00:00:000AM,65,1299.00,542694
318,Jun 11 2013 12:00:00:000AM,51,711.00,542695
319,Jun 12 2013 12:00:00:000AM,7,2040.00,542696
320,Jun 12 2013 12:00:00:000AM,37,3109.00,542697
321,Jun 13 2013 12:00:00:000AM,29,155.00,542698
322,Jun 16 2013 12:00:00:000AM,65,977.50,542699
323,Jun 17 2013 12:00:00:000AM,51,2595.00,542700
324,Jun 17 2013 12:00:00:000AM,20,647.75,542701
325,Jun 18 2013 12:00:00:000AM,5,1565.65,542702
326,Jun 19 2013 12:00:00:000AM,3,2082.00,542703
327,Jun 19 2013 12:00:00:000AM,82,764.30,542704
328,Jun 20 2013 12:00:00:000AM,52,2147.40,542705
329,Jun 23 2013 12:00:00:000AM,80,838.45,542706
330,Jun 23 2013 12:00:00:000AM,82,569.00,542707
331,Jun 24 2013 12:00:00:000AM,11,477.00,542708
332,Jun 25 2013 12:00:00:000AM,45,317.75,542709
333,Jun 26 2013 12:00:00:000AM,56,1067.10,542710
334,Jun 26 2013 12:00:00:000AM,21,387.50,542711
335,Jun 27 2013 12:00:00:000AM,6,330.00,542712
336,Jun 30 2013 12:00:00:000AM,87,2413.90,542713
337,Jun 30 2013 12:00:00:000AM,7,625.00,542714
338,Jul  1 2013 12:00:00:000AM,88,142.50,542715
339,Jul  2 2013 12:00:00:000AM,66,28.00,542716
340,Jul  2 2013 12:00:00:000AM,61,807.38,542717
341,Jul  3 2013 12:00:00:000AM,63,3900.00,542718
342,Jul  4 2013 12:00:00:000AM,32,72.00,542719
343,Jul  7 2013 12:00:00:000AM,51,1140.00,542720
344,Jul  7 2013 12:00:00:000AM,83,812.50,542721
345,Jul  8 2013 12:00:00:000AM,44,543.65,542722
346,Jul  9 2013 12:00:00:000AM,44,2493.00,542723
347,Jul  9 2013 12:00:00:000AM,55,565.50,542724
348,Jul 10 2013 12:00:00:000AM,20,6300.00,542725
349,Jul 11 2013 12:00:00:000AM,89,1476.10,542726
350,Jul 11 2013 12:00:00:000AM,59,800.10,542727
351,Jul 14 2013 12:00:00:000AM,65,2388.50,542728
352,Jul 15 2013 12:00:00:000AM,11,493.00,542729
353,Jul 16 2013 12:00:00:000AM,36,479.80,542730
354,Jul 16 2013 12:00:00:000AM,35,2285.00,542731
355,Jul 17 2013 12:00:00:000AM,83,65.00,542732
356,Jul 18 2013 12:00:00:000AM,71,1508.00,542733
357,Jul 18 2013 12:00:00:000AM,28,256.50,542734
358,Jul 21 2013 12:00:00:000AM,51,4326.00,542735
359,Jul 22 2013 12:00:00:000AM,81,1413.00,542736
360,Jul 22 2013 12:00:00:000AM,71,6475.40,542737
361,Jul 23 2013 12:00:00:000AM,79,1064.00,542738
362,Jul 24 2013 12:00:00:000AM,18,424.00,542739
363,Jul 25 2013 12:00:00:000AM,41,399.00,542740
364,Jul 25 2013 12:00:00:000AM,91,808.00,542741
365,Jul 28 2013 12:00:00:000AM,71,6375.00,542742
366,Jul 29 2013 12:00:00:000AM,35,358.00,542743
367,Jul 29 2013 12:00:00:000AM,6,464.00,542744
368,Jul 30 2013 12:00:00:000AM,90,120.00,542745
369,Jul 31 2013 12:00:00:000AM,32,5032.00,542746
370,Jul 31 2013 12:00:00:000AM,32,1650.00,542747
371,Aug  1 2013 12:00:00:000AM,51,2697.50,542748
372,Aug  4 2013 12:00:00:000AM,51,1260.00,542749
373,Aug  5 2013 12:00:00:000AM,42,57.50,542750
374,Aug  5 2013 12:00:00:000AM,38,758.50,542751
375,Aug  6 2013 12:00:00:000AM,67,605.00,542752
376,Aug  7 2013 12:00:00:000AM,25,1429.75,542753
377,Aug  7 2013 12:00:00:000AM,78,1393.24,542754
378,Aug  8 2013 12:00:00:000AM,2,479.75,542755
379,Aug 11 2013 12:00:00:000AM,5,1503.60,542756
380,Aug 11 2013 12:00:00:000AM,71,1264.50,542757
381,Aug 12 2013 12:00:00:000AM,7,450.00,542758
382,Aug 12 2013 12:00:00:000AM,30,2775.05,542759
383,Aug 13 2013 12:00:00:000AM,39,918.00,542760
384,Aug 14 2013 12:00:00:000AM,41,62.00,542761
385,Aug 14 2013 12:00:00:000AM,86,620.00,542762
386,Aug 15 2013 12:00:00:000AM,20,6483.05,542763
387,Aug 15 2013 12:00:00:000AM,23,4985.50,542764
388,Aug 18 2013 12:00:00:000AM,49,1380.25,542765
389,Aug 19 2013 12:00:00:000AM,87,629.50,542766
390,Aug 19 2013 12:00:00:000AM,62,2896.25,542767
391,Aug 20 2013 12:00:00:000AM,47,2720.05,542768
392,Aug 20 2013 12:00:00:000AM,70,500.00,542769
393,Aug 21 2013 12:00:00:000AM,86,945.00,542770
394,Aug 22 2013 12:00:00:000AM,35,2054.00,542771
395,Aug 22 2013 12:00:00:000AM,73,870.00,542772
396,Aug 25 2013 12:00:00:000AM,1,1086.00,542773
397,Aug 25 2013 12:00:00:000AM,88,1422.00,542774
398,Aug 26 2013 12:00:00:000AM,34,1535.00,542775
399,Aug 27 2013 12:00:00:000AM,37,1928.00,542776
400,Aug 27 2013 12:00:00:000AM,61,636.00,542777
401,Aug 28 2013 12:00:00:000AM,67,382.50,542778
402,Aug 28 2013 12:00:00:000AM,50,1434.00,542779
403,Aug 29 2013 12:00:00:000AM,21,1820.20,542780
404,Sep  1 2013 12:00:00:000AM,86,530.40,542781
405,Sep  1 2013 12:00:00:000AM,31,331.78,542782
406,Sep  2 2013 12:00:00:000AM,25,1203.50,542783
407,Sep  2 2013 12:00:00:000AM,5,668.70,542784
408,Sep  3 2013 12:00:00:000AM,66,193.00,542785
409,Sep  4 2013 12:00:00:000AM,32,671.35,542786
410,Sep  4 2013 12:00:00:000AM,71,4371.60,542787
411,Sep  5 2013 12:00:00:000AM,63,4668.00,542788
412,Sep  5 2013 12:00:00:000AM,62,1291.60,542789
413,Sep  8 2013 12:00:00:000AM,36,1701.00,542790
414,Sep  9 2013 12:00:00:000AM,37,703.25,542791
415,Sep  9 2013 12:00:00:000AM,48,125.00,542792
416,Sep 10 2013 12:00:00:000AM,9,2032.00,542793
417,Sep 10 2013 12:00:00:000AM,28,1515.75,542794
418,Sep 11 2013 12:00:00:000AM,48,1295.00,542795
419,Sep 12 2013 12:00:00:000AM,68,4666.94,542796
420,Sep 12 2013 12:00:00:000AM,20,1921.00,542797
421,Sep 15 2013 12:00:00:000AM,86,694.75,542798
422,Sep 15 2013 12:00:00:000AM,73,570.00,542799
423,Sep 16 2013 12:00:00:000AM,25,2301.75,542800
424,Sep 17 2013 12:00:00:000AM,26,920.10,542801
425,Sep 17 2013 12:00:00:000AM,5,4210.50,542802
426,Sep 18 2013 12:00:00:000AM,90,412.35,542803
427,Sep 18 2013 12:00:00:000AM,38,45.00,542804
428,Sep 19 2013 12:00:00:000AM,25,1423.00,542805
429,Sep 22 2013 12:00:00:000AM,80,534.85,542806
430,Sep 22 2013 12:00:00:000AM,3,956.90,542807
431,Sep 23 2013 12:00:00:000AM,71,5256.50,542808
432,Sep 23 2013 12:00:00:000AM,7,660.00,542809
433,Sep 24 2013 12:00:00:000AM,55,1682.50,542810
434,Sep 25 2013 12:00:00:000AM,32,1327.00,542811
435,Sep 25 2013 12:00:00:000AM,3,375.50,542812
436,Sep 26 2013 12:00:00:000AM,18,63.00,542813
437,Sep 26 2013 12:00:00:000AM,56,1768.00,542814
438,Sep 29 2013 12:00:00:000AM,31,801.10,542815
439,Sep 30 2013 12:00:00:000AM,59,1638.45,542816
440,Sep 30 2013 12:00:00:000AM,37,6201.90,542817
441,Oct  1 2013 12:00:00:000AM,83,3490.00,542818
442,Oct  1 2013 12:00:00:000AM,5,630.00,542819
443,Oct  2 2013 12:00:00:000AM,34,1150.00,542820
444,Oct  3 2013 12:00:00:000AM,63,10164.80,542821
445,Oct  3 2013 12:00:00:000AM,1,878.00,542822
446,Oct  6 2013 12:00:00:000AM,89,2334.00,542823
447,Oct  6 2013 12:00:00:000AM,63,4825.00,542824
448,Oct  7 2013 12:00:00:000AM,90,642.00,542825
449,Oct  8 2013 12:00:00:000AM,89,996.00,542826
450,Oct  8 2013 12:00:00:000AM,47,1073.90,542827
451,Oct  9 2013 12:00:00:000AM,20,3600.73,542828
452,Oct  9 2013 12:00:00:000AM,52,114.00,542829
453,Oct 10 2013 12:00:00:000AM,71,2048.00,542830
454,Oct 13 2013 12:00:00:000AM,37,3370.00,542831
455,Oct 13 2013 12:00:00:000AM,1,330.00,542832
456,Oct 14 2013 12:00:00:000AM,24,2545.00,542833
457,Oct 14 2013 12:00:00:000AM,62,595.50,542834
458,Oct 15 2013 12:00:00:000AM,35,378.00,542835
459,Oct 16 2013 12:00:00:000AM,55,1893.00,542836
460,Oct 16 2013 12:00:00:000AM,4,1704.00,542837
461,Oct 17 2013 12:00:00:000AM,77,180.40,542838
462,Oct 17 2013 12:00:00:000AM,31,3424.00,542839
463,Oct 20 2013 12:00:00:000AM,27,93.50,542840
464,Oct 21 2013 12:00:00:000AM,71,4451.70,542841
465,Oct 21 2013 12:00:00:000AM,37,1238.40,542842
466,Oct 22 2013 12:00:00:000AM,71,2827.90,542843
467,Oct 22 2013 12:00:00:000AM,71,2941.00,542844
468,Oct 23 2013 12:00:00:000AM,9,1296.00,542845
469,Oct 24 2013 12:00:00:000AM,64,706.00,542846
470,Oct 24 2013 12:00:00:000AM,25,1331.75,542847
471,Oct 27 2013 12:00:00:000AM,39,3463.00,542848
472,Oct 27 2013 12:00:00:000AM,45,1125.67,542849
473,Oct 28 2013 12:00:00:000AM,61,550.00,542850
474,Oct 29 2013 12:00:00:000AM,63,972.50,542851
475,Oct 29 2013 12:00:00:000AM,71,1570.00,542852
476,Oct 30 2013 12:00:00:000AM,89,468.45,542853
477,Oct 30 2013 12:00:00:000AM,51,638.50,542854
478,Oct 31 2013 12:00:00:000AM,21,287.80,542855
479,Nov  3 2013 12:00:00:000AM,19,655.00,542856
480,Nov  3 2013 12:00:00:000AM,66,1710.00,542857
481,Nov  4 2013 12:00:00:000AM,62,1296.75,542858
482,Nov  4 2013 12:00:00:000AM,47,1850.00,542859
483,Nov  5 2013 12:00:00:000AM,9,509.75,542860
484,Nov  6 2013 12:00:00:000AM,14,1990.00,542861
485,Nov  6 2013 12:00:00:000AM,9,360.00,542862
486,Nov  7 2013 12:00:00:000AM,5,1459.00,542863
487,Nov  7 2013 12:00:00:000AM,31,1498.35,542864
488,Nov 10 2013 12:00:00:000AM,45,596.00,542865
489,Nov 11 2013 12:00:00:000AM,37,997.00,542866
490,Nov 11 2013 12:00:00:000AM,85,139.80,542867
491,Nov 12 2013 12:00:00:000AM,74,52.35,542868
492,Nov 12 2013 12:00:00:000AM,85,240.00,542869
493,Nov 13 2013 12:00:00:000AM,89,1770.00,542870
494,Nov 14 2013 12:00:00:000AM,4,285.00,542871
495,Nov 14 2013 12:00:00:000AM,10,3118.00,542872
496,Nov 17 2013 12:00:00:000AM,4,336.00,542873
497,Nov 17 2013 12:00:00:000AM,83,920.00,542874
498,Nov 18 2013 12:00:00:000AM,63,4529.80,542875
499,Nov 19 2013 12:00:00:000AM,14,2311.70,542876
500,Nov 19 2013 12:00:00:000AM,59,1912.85,542877
501,Nov 20 2013 12:00:00:000AM,71,2196.00,542878
502,Nov 20 2013 12:00:00:000AM,38,1080.00,542879
503,Nov 21 2013 12:00:00:000AM,87,1871.25,542880
504,Nov 24 2013 12:00:00:000AM,68,1701.46,542881
505,Nov 24 2013 12:00:00:000AM,53,252.00,542882
506,Nov 25 2013 12:00:00:000AM,27,88.00,542883
507,Nov 25 2013 12:00:00:000AM,49,55.20,542884
508,Nov 26 2013 12:00:00:000AM,9,2598.00,542885
509,Nov 27 2013 12:00:00:000AM,75,2487.50,542886
510,Nov 27 2013 12:00:00:000AM,71,3082.00,542887
511,Nov 28 2013 12:00:00:000AM,68,1644.60,542888
512,Nov 28 2013 12:00:00:000AM,2,320.00,542889
513,Dec  1 2013 12:00:00:000AM,50,3304.00,542890
514,Dec  2 2013 12:00:00:000AM,65,629.50,542891
515,Dec  2 2013 12:00:00:000AM,24,4337.00,542892
516,Dec  3 2013 12:00:00:000AM,23,616.00,542893
517,Dec  3 2013 12:00:00:000AM,20,2540.00,542894
518,Dec  4 2013 12:00:00:000AM,63,1684.00,542895
519,Dec  5 2013 12:00:00:000AM,56,2310.00,542896
520,Dec  5 2013 12:00:00:000AM,76,28.00,542897
521,Dec  8 2013 12:00:00:000AM,4,1477.00,542898
522,Dec  8 2013 12:00:00:000AM,83,1704.00,542899
523,Dec  9 2013 12:00:00:000AM,34,315.00,542900
524,Dec 10 2013 12:00:00:000AM,20,344.00,542901
525,Dec 10 2013 12:00:00:000AM,44,3603.22,542902
526,Dec 11 2013 12:00:00:000AM,20,2216.25,542903
527,Dec 11 2013 12:00:00:000AM,24,875.00,542904
528,Dec 12 2013 12:00:00:000AM,78,228.00,542905
529,Dec 15 2013 12:00:00:000AM,20,6984.50,542906
530,Dec 15 2013 12:00:00:000AM,31,280.00,542907
531,Dec 16 2013 12:00:00:000AM,5,96.50,542908
532,Dec 16 2013 12:00:00:000AM,52,1335.00,542909
533,Dec 16 2013 12:00:00:000AM,46,720.00,542910
534,Dec 17 2013 12:00:00:000AM,87,1132.35,542911
535,Dec 17 2013 12:00:00:000AM,12,12.50,542912
536,Dec 18 2013 12:00:00:000AM,34,1442.50,542913
537,Dec 18 2013 12:00:00:000AM,49,1650.00,542914
538,Dec 18 2013 12:00:00:000AM,33,387.50,542915
539,Dec 19 2013 12:00:00:000AM,62,1913.85,542916
540,Dec 19 2013 12:00:00:000AM,41,2760.80,542917
541,Dec 22 2013 12:00:00:000AM,63,770.00,542918
542,Dec 22 2013 12:00:00:000AM,23,3687.00,542919
543,Dec 22 2013 12:00:00:000AM,31,850.00,542920
544,Dec 23 2013 12:00:00:000AM,25,1926.06,542921
545,Dec 23 2013 12:00:00:000AM,91,399.85,542922
546,Dec 24 2013 12:00:00:000AM,4,191.10,542923
547,Dec 24 2013 12:00:00:000AM,61,393.45,542924
548,Dec 24 2013 12:00:00:000AM,20,2499.25,542925
549,Dec 25 2013 12:00:00:000AM,35,2878.08,542926
550,Dec 25 2013 12:00:00:000AM,17,420.00,542927
551,Dec 26 2013 12:00:00:000AM,38,446.60,542928
552,Dec 26 2013 12:00:00:000AM,39,1585.00,542929
553,Dec 26 2013 12:00:00:000AM,72,1632.15,542930
554,Dec 29 2013 12:00:00:000AM,8,4035.80,542931
555,Dec 29 2013 12:00:00:000AM,73,3923.75,542932
556,Dec 30 2013 12:00:00:000AM,88,1255.80,542933
557,Dec 30 2013 12:00:00:000AM,72,2290.40,542934
558,Dec 30 2013 12:00:00:000AM,77,2775.00,542935
559,Dec 31 2013 12:00:00:000AM,84,572.10,542936
560,Dec 31 2013 12:00:00:000AM,27,18.40,542937
561,Jan  1 2014 12:00:00:000AM,55,1660.00,542938
562,Jan  1 2014 12:00:00:000AM,88,140.00,542939
563,Jan  1 2014 12:00:00:000AM,42,187.00,542940
564,Jan  2 2014 12:00:00:000AM,47,852.00,542941
565,Jan  2 2014 12:00:00:000AM,66,1852.00,542942
566,Jan  5 2014 12:00:00:000AM,67,648.00,542943
567,Jan  5 2014 12:00:00:000AM,84,2070.00,542944
568,Jan  5 2014 12:00:00:000AM,71,40.00,542945
569,Jan  6 2014 12:00:00:000AM,32,8891.00,542946
570,Jan  6 2014 12:00:00:000AM,39,11490.70,542947
571,Jan  7 2014 12:00:00:000AM,49,833.00,542948
572,Jan  7 2014 12:00:00:000AM,12,477.00,542949
573,Jan  7 2014 12:00:00:000AM,65,1140.00,542950
574,Jan  8 2014 12:00:00:000AM,75,678.00,542951
575,Jan  8 2014 12:00:00:000AM,82,237.90,542952
576,Jan  9 2014 12:00:00:000AM,46,3107.50,542953
577,Jan  9 2014 12:00:00:000AM,24,250.80,542954
578,Jan  9 2014 12:00:00:000AM,17,1030.76,542955
579,Jan 12 2014 12:00:00:000AM,7,730.00,542956
580,Jan 12 2014 12:00:00:000AM,9,843.00,542957
581,Jan 13 2014 12:00:00:000AM,64,932.00,542958
582,Jan 13 2014 12:00:00:000AM,38,1764.00,542959
583,Jan 13 2014 12:00:00:000AM,81,1974.00,542960
584,Jan 14 2014 12:00:00:000AM,70,2684.40,542961
585,Jan 14 2014 12:00:00:000AM,41,568.95,542962
586,Jan 15 2014 12:00:00:000AM,56,1007.70,542963
587,Jan 15 2014 12:00:00:000AM,81,1508.12,542964
588,Jan 15 2014 12:00:00:000AM,1,851.00,542965
589,Jan 16 2014 12:00:00:000AM,20,4705.50,542966
590,Jan 16 2014 12:00:00:000AM,5,1254.00,542967
591,Jan 19 2014 12:00:00:000AM,47,2584.50,542968
592,Jan 19 2014 12:00:00:000AM,81,919.50,542969
593,Jan 19 2014 12:00:00:000AM,47,264.00,542970
594,Jan 20 2014 12:00:00:000AM,76,4581.00,542971
595,Jan 20 2014 12:00:00:000AM,80,975.00,542972
596,Jan 21 2014 12:00:00:000AM,84,212.00,542973
597,Jan 21 2014 12:00:00:000AM,59,735.00,542974
598,Jan 21 2014 12:00:00:000AM,63,4059.00,542975
599,Jan 22 2014 12:00:00:000AM,76,1112.00,542976
600,Jan 22 2014 12:00:00:000AM,71,6164.90,542977
601,Jan 23 2014 12:00:00:000AM,16,931.50,542978
602,Jan 23 2014 12:00:00:000AM,39,1052.14,542979
603,Jan 23 2014 12:00:00:000AM,84,740.00,542980
604,Jan 26 2014 12:00:00:000AM,67,2740.00,542981
605,Jan 26 2014 12:00:00:000AM,65,2984.00,542982
606,Jan 27 2014 12:00:00:000AM,6,625.00,542983
607,Jan 27 2014 12:00:00:000AM,20,3490.00,542984
608,Jan 27 2014 12:00:00:000AM,55,2275.25,542985
609,Jan 28 2014 12:00:00:000AM,3,660.00,542986
610,Jan 28 2014 12:00:00:000AM,5,2630.95,542987
611,Jan 29 2014 12:00:00:000AM,40,649.00,542988
612,Jan 29 2014 12:00:00:000AM,25,1438.25,542989
613,Jan 29 2014 12:00:00:000AM,26,519.00,542990
614,Jan 30 2014 12:00:00:000AM,89,3523.40,542991
615,Jan 30 2014 12:00:00:000AM,44,581.00,542992
616,Feb  2 2014 12:00:00:000AM,35,519.00,542993
617,Feb  2 2014 12:00:00:000AM,4,282.00,542994
618,Feb  2 2014 12:00:00:000AM,63,17250.00,542995
619,Feb  3 2014 12:00:00:000AM,5,1461.60,542996
620,Feb  3 2014 12:00:00:000AM,48,98.40,542997
621,Feb  4 2014 12:00:00:000AM,62,2004.60,542998
622,Feb  4 2014 12:00:00:000AM,72,1630.00,542999
623,Feb  4 2014 12:00:00:000AM,91,160.00,543000
624,Feb  5 2014 12:00:00:000AM,9,2083.40,543001
625,Feb  5 2014 12:00:00:000AM,30,2166.80,543002
626,Feb  6 2014 12:00:00:000AM,90,336.80,543003
627,Feb  6 2014 12:00:00:000AM,30,310.00,543004
628,Feb  6 2014 12:00:00:000AM,5,729.50,543005
629,Feb  9 2014 12:00:00:000AM,9,917.00,543006
630,Feb  9 2014 12:00:00:000AM,67,2086.00,543007
631,Feb 10 2014 12:00:00:000AM,63,1620.00,543008
632,Feb 10 2014 12:00:00:000AM,90,611.30,543009
633,Feb 10 2014 12:00:00:000AM,24,1875.00,543010
634,Feb 11 2014 12:00:00:000AM,12,150.00,543011
635,Feb 11 2014 12:00:00:000AM,71,988.40,543012
636,Feb 12 2014 12:00:00:000AM,48,36.00,543013
637,Feb 12 2014 12:00:00:000AM,45,1450.60,543014
638,Feb 12 2014 12:00:00:000AM,76,1209.00,543015
639,Feb 13 2014 12:00:00:000AM,34,3127.50,543016
640,Feb 13 2014 12:00:00:000AM,29,70.00,543017
641,Feb 16 2014 12:00:00:000AM,30,605.00,543018
642,Feb 16 2014 12:00:00:000AM,65,11380.00,543019
643,Feb 16 2014 12:00:00:000AM,18,860.10,543020
644,Feb 17 2014 12:00:00:000AM,44,388.35,543021
645,Feb 17 2014 12:00:00:000AM,50,2200.00,543022
646,Feb 18 2014 12:00:00:000AM,39,5502.11,543023
647,Feb 18 2014 12:00:00:000AM,71,2898.00,543024
648,Feb 18 2014 12:00:00:000AM,20,6379.40,543025
649,Feb 19 2014 12:00:00:000AM,50,750.50,543026
650,Feb 19 2014 12:00:00:000AM,37,10835.24,543027
651,Feb 20 2014 12:00:00:000AM,54,30.00,543028
652,Feb 20 2014 12:00:00:000AM,46,144.00,543029
653,Feb 20 2014 12:00:00:000AM,88,45.00,543030
654,Feb 23 2014 12:00:00:000AM,35,934.50,543031
655,Feb 23 2014 12:00:00:000AM,24,1015.80,543032
656,Feb 24 2014 12:00:00:000AM,34,932.05,543033
657,Feb 24 2014 12:00:00:000AM,89,1924.25,543034
658,Feb 24 2014 12:00:00:000AM,88,360.00,543035
659,Feb 25 2014 12:00:00:000AM,91,427.50,543036
660,Feb 25 2014 12:00:00:000AM,74,108.50,543037
661,Feb 26 2014 12:00:00:000AM,66,698.00,543038
662,Feb 26 2014 12:00:00:000AM,70,670.00,543039
663,Feb 26 2014 12:00:00:000AM,90,452.90,543040
664,Feb 26 2014 12:00:00:000AM,30,858.00,543041
665,Feb 26 2014 12:00:00:000AM,37,8267.40,543042
666,Feb 26 2014 12:00:00:000AM,62,958.75,543043
667,Feb 27 2014 12:00:00:000AM,62,537.50,543044
668,Feb 27 2014 12:00:00:000AM,80,539.50,543045
669,Feb 27 2014 12:00:00:000AM,64,686.70,543046
670,Mar  2 2014 12:00:00:000AM,69,365.89,543047
671,Mar  2 2014 12:00:00:000AM,10,1930.00,543048
672,Mar  2 2014 12:00:00:000AM,47,1122.80,543049
673,Mar  3 2014 12:00:00:000AM,4,390.00,543050
674,Mar  3 2014 12:00:00:000AM,83,1936.00,543051
675,Mar  3 2014 12:00:00:000AM,34,742.50,543052
676,Mar  3 2014 12:00:00:000AM,41,936.00,543053
677,Mar  4 2014 12:00:00:000AM,5,2034.50,543054
678,Mar  4 2014 12:00:00:000AM,34,559.00,543055
679,Mar  4 2014 12:00:00:000AM,2,514.40,543056
680,Mar  5 2014 12:00:00:000AM,40,800.00,543057
681,Mar  5 2014 12:00:00:000AM,29,137.50,543058
682,Mar  5 2014 12:00:00:000AM,25,1174.75,543059
683,Mar  6 2014 12:00:00:000AM,76,2455.00,543060
684,Mar  6 2014 12:00:00:000AM,68,837.00,543061
685,Mar  6 2014 12:00:00:000AM,9,1925.50,543062
686,Mar  6 2014 12:00:00:000AM,38,920.60,543063
687,Mar  9 2014 12:00:00:000AM,44,500.00,543064
688,Mar  9 2014 12:00:00:000AM,88,700.00,543065
689,Mar  9 2014 12:00:00:000AM,32,570.00,543066
690,Mar 10 2014 12:00:00:000AM,12,644.80,543067
691,Mar 10 2014 12:00:00:000AM,63,3642.50,543068
692,Mar 10 2014 12:00:00:000AM,49,750.00,543069
693,Mar 11 2014 12:00:00:000AM,9,360.00,543070
694,Mar 11 2014 12:00:00:000AM,71,4769.00,543071
695,Mar 11 2014 12:00:00:000AM,66,560.00,543072
696,Mar 11 2014 12:00:00:000AM,11,711.00,543073
697,Mar 12 2014 12:00:00:000AM,10,1139.10,543074
698,Mar 12 2014 12:00:00:000AM,52,245.00,543075
699,Mar 12 2014 12:00:00:000AM,83,1407.50,543076
700,Mar 13 2014 12:00:00:000AM,11,220.00,543077
701,Mar 13 2014 12:00:00:000AM,30,2362.25,543078
702,Mar 13 2014 12:00:00:000AM,10,4422.00,543079
703,Mar 16 2014 12:00:00:000AM,49,110.00,543080
704,Mar 16 2014 12:00:00:000AM,68,482.90,543081
705,Mar 16 2014 12:00:00:000AM,1,491.20,543082
706,Mar 16 2014 12:00:00:000AM,4,4675.00,543083
707,Mar 17 2014 12:00:00:000AM,47,1902.10,543084
708,Mar 17 2014 12:00:00:000AM,24,93.00,543085
709,Mar 17 2014 12:00:00:000AM,6,677.00,543086
710,Mar 18 2014 12:00:00:000AM,35,1762.70,543087
711,Mar 18 2014 12:00:00:000AM,54,781.00,543088
712,Mar 18 2014 12:00:00:000AM,31,155.00,543089
713,Mar 19 2014 12:00:00:000AM,35,276.60,543090
714,Mar 19 2014 12:00:00:000AM,62,1122.00,543091
715,Mar 19 2014 12:00:00:000AM,63,3584.00,543092
716,Mar 19 2014 12:00:00:000AM,28,68.00,543093
717,Mar 20 2014 12:00:00:000AM,74,2052.50,543094
718,Mar 20 2014 12:00:00:000AM,55,848.00,543095
719,Mar 20 2014 12:00:00:000AM,14,1255.60,543096
720,Mar 23 2014 12:00:00:000AM,79,910.40,543097
721,Mar 23 2014 12:00:00:000AM,20,1408.00,543098
722,Mar 23 2014 12:00:00:000AM,15,108.00,543099
723,Mar 24 2014 12:00:00:000AM,8,280.00,543100
724,Mar 24 2014 12:00:00:000AM,26,1733.06,543101
725,Mar 24 2014 12:00:00:000AM,40,251.50,543102
726,Mar 24 2014 12:00:00:000AM,40,291.55,543103
727,Mar 25 2014 12:00:00:000AM,75,439.00,543104
728,Mar 25 2014 12:00:00:000AM,10,717.50,543105
729,Mar 25 2014 12:00:00:000AM,35,912.00,543106
730,Mar 26 2014 12:00:00:000AM,24,2233.00,543107
731,Mar 26 2014 12:00:00:000AM,50,1500.70,543108
732,Mar 26 2014 12:00:00:000AM,20,4813.50,543109
733,Mar 27 2014 12:00:00:000AM,24,310.00,543110
734,Mar 27 2014 12:00:00:000AM,34,15810.00,543111
735,Mar 27 2014 12:00:00:000AM,10,1014.00,543112
736,Mar 27 2014 12:00:00:000AM,71,796.50,543113
737,Mar 30 2014 12:00:00:000AM,71,1809.75,543114
738,Mar 30 2014 12:00:00:000AM,37,2248.20,543115
739,Mar 30 2014 12:00:00:000AM,54,2220.00,543116
740,Mar 31 2014 12:00:00:000AM,19,2772.00,543117
741,Mar 31 2014 12:00:00:000AM,65,3772.00,543118
742,Mar 31 2014 12:00:00:000AM,61,1353.60,543119
743,Apr  1 2014 12:00:00:000AM,20,4931.00,543120
744,Apr  1 2014 12:00:00:000AM,63,2870.00,543121
745,Apr  1 2014 12:00:00:000AM,77,69.60,543122
746,Apr  1 2014 12:00:00:000AM,24,6527.25,543123
747,Apr  2 2014 12:00:00:000AM,83,990.00,543124
748,Apr  2 2014 12:00:00:000AM,58,1196.00,543125
749,Apr  2 2014 12:00:00:000AM,63,560.00,543126
750,Apr  3 2014 12:00:00:000AM,46,1980.00,543127
751,Apr  3 2014 12:00:00:000AM,91,686.00,543128
752,Apr  3 2014 12:00:00:000AM,56,1261.00,543129
753,Apr  6 2014 12:00:00:000AM,65,1075.00,543130
754,Apr  6 2014 12:00:00:000AM,24,2769.00,543131
755,Apr  6 2014 12:00:00:000AM,71,1902.00,543132
756,Apr  6 2014 12:00:00:000AM,78,326.00,543133
757,Apr  7 2014 12:00:00:000AM,50,295.38,543134
758,Apr  7 2014 12:00:00:000AM,90,586.00,543135
759,Apr  7 2014 12:00:00:000AM,32,391.58,543136
760,Apr  8 2014 12:00:00:000AM,60,2633.90,543137
761,Apr  8 2014 12:00:00:000AM,20,4903.50,543138
762,Apr  8 2014 12:00:00:000AM,30,702.00,543139
763,Apr  9 2014 12:00:00:000AM,66,645.00,543140
764,Apr  9 2014 12:00:00:000AM,1,960.00,543141
765,Apr  9 2014 12:00:00:000AM,25,2974.00,543142
766,Apr  9 2014 12:00:00:000AM,69,361.00,543143
767,Apr 10 2014 12:00:00:000AM,47,270.20,543144
768,Apr 10 2014 12:00:00:000AM,70,622.35,543145
769,Apr 10 2014 12:00:00:000AM,4,491.50,543146
770,Apr 13 2014 12:00:00:000AM,20,6750.00,543147
771,Apr 13 2014 12:00:00:000AM,48,1575.00,543148
772,Apr 13 2014 12:00:00:000AM,64,76.00,543149
773,Apr 14 2014 12:00:00:000AM,56,744.00,543150
774,Apr 14 2014 12:00:00:000AM,63,6941.49,543151
775,Apr 14 2014 12:00:00:000AM,34,1402.00,543152
776,Apr 14 2014 12:00:00:000AM,11,1500.00,543153
777,Apr 15 2014 12:00:00:000AM,19,1966.81,543154
778,Apr 15 2014 12:00:00:000AM,87,300.00,543155
779,Apr 15 2014 12:00:00:000AM,27,1030.00,543156
780,Apr 16 2014 12:00:00:000AM,10,1170.30,543157
781,Apr 16 2014 12:00:00:000AM,39,2160.00,543158
782,Apr 16 2014 12:00:00:000AM,14,1286.80,543159
783,Apr 17 2014 12:00:00:000AM,71,16321.90,543160
784,Apr 17 2014 12:00:00:000AM,71,2393.50,543161
785,Apr 17 2014 12:00:00:000AM,89,8902.50,543162
786,Apr 17 2014 12:00:00:000AM,68,3592.00,543163
787,Apr 20 2014 12:00:00:000AM,55,554.40,543164
788,Apr 20 2014 12:00:00:000AM,76,1754.50,543165
789,Apr 20 2014 12:00:00:000AM,17,1692.00,543166
790,Apr 21 2014 12:00:00:000AM,30,60.00,543167
791,Apr 21 2014 12:00:00:000AM,76,751.00,543168
792,Apr 21 2014 12:00:00:000AM,47,3090.00,543169
793,Apr 22 2014 12:00:00:000AM,32,200.00,543170
794,Apr 22 2014 12:00:00:000AM,14,1887.00,543171
795,Apr 22 2014 12:00:00:000AM,15,405.75,543172
796,Apr 22 2014 12:00:00:000AM,74,210.00,543173
797,Apr 23 2014 12:00:00:000AM,91,591.60,543174
798,Apr 23 2014 12:00:00:000AM,10,1309.50,543175
799,Apr 23 2014 12:00:00:000AM,86,1564.00,543176
800,Apr 24 2014 12:00:00:000AM,19,1090.50,543177
801,Apr 24 2014 12:00:00:000AM,10,525.00,543178
802,Apr 24 2014 12:00:00:000AM,31,342.00,543179
803,Apr 27 2014 12:00:00:000AM,24,900.00,543180
804,Apr 27 2014 12:00:00:000AM,41,45.00,543181
805,Apr 27 2014 12:00:00:000AM,34,1665.00,543182
806,Apr 27 2014 12:00:00:000AM,59,3658.75,543183
807,Apr 28 2014 12:00:00:000AM,12,305.00,543184
808,Apr 28 2014 12:00:00:000AM,35,1727.50,543185
809,Apr 28 2014 12:00:00:000AM,19,3740.00,543186
810,Apr 29 2014 12:00:00:000AM,53,45.00,543187
811,Apr 29 2014 12:00:00:000AM,6,858.00,543188
812,Apr 29 2014 12:00:00:000AM,67,1838.00,543189
813,Apr 30 2014 12:00:00:000AM,27,266.00,543190
814,Apr 30 2014 12:00:00:000AM,32,510.00,543191
815,Apr 30 2014 12:00:00:000AM,66,508.00,543192
816,Apr 30 2014 12:00:00:000AM,37,1445.50,543193
817,May  1 2014 12:00:00:000AM,71,4722.30,543194
818,May  1 2014 12:00:00:000AM,46,252.56,543195
819,May  1 2014 12:00:00:000AM,89,928.75,543196
820,May  4 2014 12:00:00:000AM,17,86.85,543197
821,May  4 2014 12:00:00:000AM,62,2384.80,543198
822,May  4 2014 12:00:00:000AM,80,360.00,543199
823,May  5 2014 12:00:00:000AM,44,1873.50,543200
824,May  5 2014 12:00:00:000AM,46,510.00,543201
825,May  5 2014 12:00:00:000AM,20,5218.00,543202
826,May  5 2014 12:00:00:000AM,58,300.00,543203
827,May  6 2014 12:00:00:000AM,73,244.30,543204
828,May  6 2014 12:00:00:000AM,68,586.00,543205
829,May  6 2014 12:00:00:000AM,9,1057.00,543206
830,May  6 2014 12:00:00:000AM,65,1374.60,543207